"Very close to the train station - perfect location. The hotel is still being renovated and it is looking very good! The swimming pool should be operational by the end of April 2021 (?).  The staff is extremely courteous, pleasant and helpful. 5 star to them! Our Superior room was spacious, clean, quiet, overall very comfortable. Great WiFi.   Breakfast is excellent with plenty of choices available.  At this point in time -  April 2021 - this hotel provides amazing value. We will definitely be back for longer when we come back to Bangkok."
"great staff name is Pond  good service  good loaction, vety mid of city, near Yaovaraj and easy to find food  i have been here for many time and plan to re visit every month.   room is clean and facility is fine and ready to stay"
"I enjoyed the stay of The quarter hualumphong hotel very much and the most.  Whether it is the service of the employee  Or accommodation  It is the best one I have ever received.  I have traveled to many hotels. Every place I have stayed in is both good and bad.  But for me, it is a very good vacation destination.  Both the convenience of traveling near the train station, MRT station and boat as well as many attractions and shopping nearby and convenient to visit as well."
"just get off the MRT exit 1,, cross the road. next to Star Buck.  The checkin staff, named Praew. was very nice & helpful. You can enjoy the spectaclar views if BKK landmarks around the open-  air deck. Sure to come back again."
Clean and Spacious room with valuable price. The hotel is located in BKK city center with walking distance to MRT and numbers of convenient stores and restaurant nearby. Staffs is very helpful especially K.Praew and K.Oat.  Definitely worth a re-visit.
"Very comfortable room , nice room, nice building, friendly and helpful staff. Praew the receptionist is very helpful and kind. When I firstly came in I was surprised the management is simply great. Very helpful"
"It was an excellent experience.Great service and staffs, espectially K.OAD assisted throughout my stay Great  Please Keep up the good job.Location The hotel is good located with walking distance to MRT Hualamphon,Starbucks, and Chinatown Great room Clean and the terrace are Stunning for seeing the sunset.Best value for money and definitely worth revisiting."
"Great service and staffs, espectially K.Phol and K.Best who assisted throughout my stay Great location: The hotel is located in BKK city center with walking distance to MRT Hualamphon, concenient stores (7-11), Starbucks, and Chinatown Great room: Clean and space out room with panoramic view. Best value for money and definitely worth revisiting"
"Great staff Excellent service, great location, In addition the room is really big spacious and clean I will for sure return to this hotel on my next visits to Bangkok Thanks  to POND NOEY for everything"
"The hotel is located in the city centre, accessible by both MRT, train, bus and taxi alike. It is only 5 minutes on foot from the famous Bangkok Train Station and MRT Hua Lampong Station. Situated on the 12th Floor, the hotel offers a panoramic view of Bangkok city centre and old town. Did we mention that the hotel is only 10 minutes walk from the Chinatown? Besides Chinatown there are other attractions nearby.  The lobby is modern and spacious. There we met attentive and helpful staff. Khun Noey (เนย) and Khun Pound (ปอนด์) who assisted us through check-in. The deal we got for superior room with breakfast was undeniable. We can only say this hotel offers the best value for money we paid."
good place clean and staff name Noey and Oat are very service  staff  i recommended who want to look for place in the mid of city where can find the shopping center and good place to eat  i recommended here.
"Service good staff name is PRAEW, Oad and DAY.  They are friendly, Service mind. Give me good room with good price near china town. You can enjoy walking to china town for eat street food very easy. And you can go to shopping at the sampeng merket its not far"
"I like staff here too much very good service I stay many nights staff very helpfull Hotel good location and clean I will come back to stay here again I recomend every one come to stay here The best service spacially Praw,Day,Oad"
"The staff at this property are all great!  They all go above and beyond to make your stay comfortable and enjoyable. ( Preaw , Oat , Day are the best staff ever🤍 ) Please give your staff awards! I highly recommend this place for you all"
I booking mistake wrong date check in but satff very nice to helpfull for contact agoda for chang date chack in and good location the satff k. Praew and k. Noey verry nice the hotel good price i will recoment to stay here
"Got a good service from hotel staffs, futhurmore, the hotel has a very good atmosphere with nice decoration. The sky view of China town is perfect place to hangout. Upper room decoration in chinese style suit with Bangkokian to change from staying home to upper air view of city heart."
"As I see the hotel is one of UHG group, I choose to stay here for a night before the next trip. The place is well decorated in Thai-Chinese style, also decorated to celebrate Christmas and New Year. The staffs here are really nice, especially Khun Noey and Khun Oat. I’m sure you won’t regret since it was build to be harmonized to its surroundings."
"The hotel staff (Pond) is helpful and provided great service. The room is big and clean with fully equipped facilities. The location is great, closes to MRT station and all interesting spots (temple, Chinatown, city center)"
"This hotel is near the MRT and Train station so you can walk about 5 minutes. The receptionist(K’Noey) was very nice and helpful with service mind. I was asking for the early check-in and She wasn’t rejected my request. Hotel decorations are Luxury and Modern. The Room is huge and the facilities is quite good such as Netflix, Youtube and news. And the view from the room is so stunning. Next time I will stay here for sure!! 😉"
The hotel is a short walk to a street food lane called Soi Sukorn where the local Thai would come eat at street vendors’ pop-up shops each night.  It’s also close to Chinatown and central station.  Next time I will ride the train and explore the countryside.  The room is spacious and designed in modern Chinese theme.  I didn’t try the breakfast.  The view from the function room is amazing.
"Very close to the train station - perfect location. The hotel is still being renovated and it is looking very good! The swimming pool should be operational by the end of April 2021 (?).  The staff is extremely courteous, pleasant and helpful. 5 star to them! Our Superior room was spacious, clean, quiet, overall very comfortable. Great WiFi.   Breakfast is excellent with plenty of choices available.  At this point in time -  April 2021 - this hotel provides amazing value. We will definitely be back for longer when we come back to Bangkok."
"great staff name is Pond  good service  good loaction, vety mid of city, near Yaovaraj and easy to find food  i have been here for many time and plan to re visit every month.   room is clean and facility is fine and ready to stay"
"I enjoyed the stay of The quarter hualumphong hotel very much and the most.  Whether it is the service of the employee  Or accommodation  It is the best one I have ever received.  I have traveled to many hotels. Every place I have stayed in is both good and bad.  But for me, it is a very good vacation destination.  Both the convenience of traveling near the train station, MRT station and boat as well as many attractions and shopping nearby and convenient to visit as well."
"just get off the MRT exit 1,, cross the road. next to Star Buck.  The checkin staff, named Praew. was very nice & helpful. You can enjoy the spectaclar views if BKK landmarks around the open-  air deck. Sure to come back again."
Clean and Spacious room with valuable price. The hotel is located in BKK city center with walking distance to MRT and numbers of convenient stores and restaurant nearby. Staffs is very helpful especially K.Praew and K.Oat.  Definitely worth a re-visit.
"Very close to the train station - perfect location. The hotel is still being renovated and it is looking very good! The swimming pool should be operational by the end of April 2021 (?).  The staff is extremely courteous, pleasant and helpful. 5 star to them! Our Superior room was spacious, clean, quiet, overall very comfortable. Great WiFi.   Breakfast is excellent with plenty of choices available.  At this point in time -  April 2021 - this hotel provides amazing value. We will definitely be back for longer when we come back to Bangkok."
"great staff name is Pond  good service  good loaction, vety mid of city, near Yaovaraj and easy to find food  i have been here for many time and plan to re visit every month.   room is clean and facility is fine and ready to stay"
"I enjoyed the stay of The quarter hualumphong hotel very much and the most.  Whether it is the service of the employee  Or accommodation  It is the best one I have ever received.  I have traveled to many hotels. Every place I have stayed in is both good and bad.  But for me, it is a very good vacation destination.  Both the convenience of traveling near the train station, MRT station and boat as well as many attractions and shopping nearby and convenient to visit as well."
"just get off the MRT exit 1,, cross the road. next to Star Buck.  The checkin staff, named Praew. was very nice & helpful. You can enjoy the spectaclar views if BKK landmarks around the open-  air deck. Sure to come back again."
Clean and Spacious room with valuable price. The hotel is located in BKK city center with walking distance to MRT and numbers of convenient stores and restaurant nearby. Staffs is very helpful especially K.Praew and K.Oat.  Definitely worth a re-visit.
"Very close to the train station - perfect location. The hotel is still being renovated and it is looking very good! The swimming pool should be operational by the end of April 2021 (?).  The staff is extremely courteous, pleasant and helpful. 5 star to them! Our Superior room was spacious, clean, quiet, overall very comfortable. Great WiFi.   Breakfast is excellent with plenty of choices available.  At this point in time -  April 2021 - this hotel provides amazing value. We will definitely be back for longer when we come back to Bangkok."
"great staff name is Pond  good service  good loaction, vety mid of city, near Yaovaraj and easy to find food  i have been here for many time and plan to re visit every month.   room is clean and facility is fine and ready to stay"
"I enjoyed the stay of The quarter hualumphong hotel very much and the most.  Whether it is the service of the employee  Or accommodation  It is the best one I have ever received.  I have traveled to many hotels. Every place I have stayed in is both good and bad.  But for me, it is a very good vacation destination.  Both the convenience of traveling near the train station, MRT station and boat as well as many attractions and shopping nearby and convenient to visit as well."
"just get off the MRT exit 1,, cross the road. next to Star Buck.  The checkin staff, named Praew. was very nice & helpful. You can enjoy the spectaclar views if BKK landmarks around the open-  air deck. Sure to come back again."
Clean and Spacious room with valuable price. The hotel is located in BKK city center with walking distance to MRT and numbers of convenient stores and restaurant nearby. Staffs is very helpful especially K.Praew and K.Oat.  Definitely worth a re-visit.
"Very close to the train station - perfect location. The hotel is still being renovated and it is looking very good! The swimming pool should be operational by the end of April 2021 (?).  The staff is extremely courteous, pleasant and helpful. 5 star to them! Our Superior room was spacious, clean, quiet, overall very comfortable. Great WiFi.   Breakfast is excellent with plenty of choices available.  At this point in time -  April 2021 - this hotel provides amazing value. We will definitely be back for longer when we come back to Bangkok."
"great staff name is Pond  good service  good loaction, vety mid of city, near Yaovaraj and easy to find food  i have been here for many time and plan to re visit every month.   room is clean and facility is fine and ready to stay"
"I enjoyed the stay of The quarter hualumphong hotel very much and the most.  Whether it is the service of the employee  Or accommodation  It is the best one I have ever received.  I have traveled to many hotels. Every place I have stayed in is both good and bad.  But for me, it is a very good vacation destination.  Both the convenience of traveling near the train station, MRT station and boat as well as many attractions and shopping nearby and convenient to visit as well."
"just get off the MRT exit 1,, cross the road. next to Star Buck.  The checkin staff, named Praew. was very nice & helpful. You can enjoy the spectaclar views if BKK landmarks around the open-  air deck. Sure to come back again."
Clean and Spacious room with valuable price. The hotel is located in BKK city center with walking distance to MRT and numbers of convenient stores and restaurant nearby. Staffs is very helpful especially K.Praew and K.Oat.  Definitely worth a re-visit.
"Very close to the train station - perfect location. The hotel is still being renovated and it is looking very good! The swimming pool should be operational by the end of April 2021 (?).  The staff is extremely courteous, pleasant and helpful. 5 star to them! Our Superior room was spacious, clean, quiet, overall very comfortable. Great WiFi.   Breakfast is excellent with plenty of choices available.  At this point in time -  April 2021 - this hotel provides amazing value. We will definitely be back for longer when we come back to Bangkok."
"great staff name is Pond  good service  good loaction, vety mid of city, near Yaovaraj and easy to find food  i have been here for many time and plan to re visit every month.   room is clean and facility is fine and ready to stay"
"I enjoyed the stay of The quarter hualumphong hotel very much and the most.  Whether it is the service of the employee  Or accommodation  It is the best one I have ever received.  I have traveled to many hotels. Every place I have stayed in is both good and bad.  But for me, it is a very good vacation destination.  Both the convenience of traveling near the train station, MRT station and boat as well as many attractions and shopping nearby and convenient to visit as well."
"just get off the MRT exit 1,, cross the road. next to Star Buck.  The checkin staff, named Praew. was very nice & helpful. You can enjoy the spectaclar views if BKK landmarks around the open-  air deck. Sure to come back again."
Clean and Spacious room with valuable price. The hotel is located in BKK city center with walking distance to MRT and numbers of convenient stores and restaurant nearby. Staffs is very helpful especially K.Praew and K.Oat.  Definitely worth a re-visit.
"Very close to the train station - perfect location. The hotel is still being renovated and it is looking very good! The swimming pool should be operational by the end of April 2021 (?).  The staff is extremely courteous, pleasant and helpful. 5 star to them! Our Superior room was spacious, clean, quiet, overall very comfortable. Great WiFi.   Breakfast is excellent with plenty of choices available.  At this point in time -  April 2021 - this hotel provides amazing value. We will definitely be back for longer when we come back to Bangkok."
"great staff name is Pond  good service  good loaction, vety mid of city, near Yaovaraj and easy to find food  i have been here for many time and plan to re visit every month.   room is clean and facility is fine and ready to stay"
"I enjoyed the stay of The quarter hualumphong hotel very much and the most.  Whether it is the service of the employee  Or accommodation  It is the best one I have ever received.  I have traveled to many hotels. Every place I have stayed in is both good and bad.  But for me, it is a very good vacation destination.  Both the convenience of traveling near the train station, MRT station and boat as well as many attractions and shopping nearby and convenient to visit as well."
"just get off the MRT exit 1,, cross the road. next to Star Buck.  The checkin staff, named Praew. was very nice & helpful. You can enjoy the spectaclar views if BKK landmarks around the open-  air deck. Sure to come back again."
Clean and Spacious room with valuable price. The hotel is located in BKK city center with walking distance to MRT and numbers of convenient stores and restaurant nearby. Staffs is very helpful especially K.Praew and K.Oat.  Definitely worth a re-visit.
