"One of the most scenic rooftops in Bangkok is Vertigo, the place I choose for my birthday. The food is good, the view is incredibly beautiful, especially for sunset, moreover, the service is excellent, the staff, named Lek, treated us very well not only presenting the food but also taking us the photo. This place will be recommended to my beloved ones."
I stayed in a serenity club room with stunning river and city views on the 55th floor (thanks for the room upgrade!). I’m impressed by the services. All staffs were friendly and helpful. The pool and the gym are quite small but nice. The hotel has an excellent rooftop bar. The overall experience was absolutely amazing.
Mr.Lek was very helpful while we were dining. Best place to pick for special occasions. Great view. Good food quality. Luxury but low key. Classy is the definition. I recommend BKK Mojito for a starter.
We came here to celebrate my birthday and the experience was amazing. Although it wasn’t our first time here but the service was exceptionally well today especially with Khun Lek as our waiter. He took great care of us to make the night special. The food was very delicious and overall would really recommend for any occasions to come.
"great rooftop view in bkk ... dim light is perfect time for come with friend or your honey.. food so yummy!! Verity ! Nua toon lamyai , Beef steak and verity dessert! good service -K.Lak & K. Pear. 😊"
"We did a quick staycation at the Banyan Tree, and stayed in one of their club suites. There's a lot of positive things to say about this hotel. First, the location on Sathorn road makes it pretty accessible to things. The sheer size of the hotel, at over 60 stories is pretty impressive. And the rooftop bars and restaurants are really hard to beat. The views from the rooms, and from the rooftop venues is really quite exceptional.   Overall the experience here is good. You shouldn't be disappointed with a stay here. The hotel interiors are beginning to look a little dated, though. Not because they are worn out, but just because design trends have changed, and newer hotels reflect those changes."
"No words can describe how good my experience was on the Saffron cruise by Banyan tree and the level of detail and organisation from Jim who helped me to organise a surprise engagement proposal to my girlfriend (now Fiancé, she did say yes!)   Jim organised everything for me, where the best seats were for the proposal (table 61 upstairs, on the top deck in front of the beautiful Wat Arun), arranging a bottle of champagne, Flowers and getting a book on the boat secretly so that my Fiancé would not know. From the moment we arrived on the boat the service was exceptional from our waiter First who was amazing from the moment we got on to the moment we left the cruise, we was escorted to our reserved table for a pre drink overlooking icon Siam and all the beautiful places along the"
"Since the 1st step to the bar ,awesome panoramic view skyline of Bangkok including friendly staffs especially K’Lek always take care of us during fantastic dinner moreover he always suggest the menu  that makes me so impressed. Well done!!!come back again for sure!"
"We’ve spent 3 days 2 nights here.   We really appreciated the service from Khun Chay of Vertigo sky bar so much. He is very talented in service. He provided us with a great recommendation of food and beverage choice. Thank you Khun Chay for making our lovely dinner go beyond excellent.  Apart of Khun Chay’s service, we have got room 1701 which really disappointed on the first night. Below points are what we found.  1.We found pieces of broken glass in the cooler.  2.The steam room couldn’t be use.  3.The bathtub drainage was malfunction. 4.Safe box was not working."
"Well service and taking care of us especially K.Lek. He gives a great service mind and takes the best photo of us as well. Furthermore, I love the every menu course esp Australian beef, Crispy duck salad. We'll back again in the next time for sure.  : D"
"We have a chance to dinner at Saffron cruise. The meal was soooooo good, if you love Thai food and a good Bangkok river view this is it.  K. Banyat and K.Lek treat us very well!!  The bangkok night view is perfect.  We will come back again for sure."
The Sky bar on the 61st floor is an absolute must see and unforgettable! Great atmosphere! Food and drinks were superb. I would like to give a special thanks to Khun Jackie (Concierge). You made my experience memorable. I highly recommend this place and I will definitely return!
"I had such a fantastic moment there. I and my boyfriend stayed there for a night to celebrate my belated birthday. I got a spacious one bed suite with a very nice view of Satorn area. With all that, million thanks to Jacky at concierge  who took care of us perfectly when we arrived. He also had a perfect recommendation for a nice  place for dinner. That was one of the best experience I’ve ever had. ‘’ Impressive’’"
"My boyfriend and I went there for celebrate my birthday and it was such a good moment. We got one bedroom suite , the room was so clean and the bed is so comfy. The service was so perfect, especially Thank you the staff who took care us, Jacky, he provided a great service and information, went the extra mile and made sure that our stay was great. We were so impressed."
"Excellent structure, all the comforts of a large hotel, exceptional services from 24-hour cuisine, to wellness services, and then ending up in an extraordinary room.  The upper floors are a show, with the bar and restaurant perhaps a little expensive, but it depends on the height."
"I have planned to surprise my boss anniversary but I cant be there to organize things.  Surprisingly, I’ve got a super handful guest service, Nong Kanom Kheng. It’s really impressive to get a helpful staff without any excuse or condition and make it happen.  Thank you and really wanna get her a compliment."
"The restaurant and bar is absolutely excellent place  both for service and location. The view is breathtaking, you can enjoy the sunset here and Bangkok lights at night. Food and drink is perfect. And the staff team is really good at their job. We had “Lek” at our table and he was really amazing on his work. His service was beyond our expectations. He is a nice, friendly and also professional. Highly recommended for everyone!!!!"
"Huge and luxury hotel with nice garden. So calm and quite place for staycation. Location is awesome, staff are so helpful and friendly. Ms. June (FO) welcoming me with smile and good hospitality. The staff sent me cute chocolate for my birthday, it was delicious. Breakfast was great, yummy bread and nice service from Ms. Aom (resto staff for breakfast) sorry if im wrongly written the name. It was memorable birthday staycation for me. Tq for all the hospitality . Sure will come back soon."
"I stayed 1 night for romantic staycation with my partner. We are impressed by the view in our room facing caopraya river.   The bathtube is so cozy, completed with candle plus orchid petals with great view.  Me and my partner was impressed with how delicious and complete menu during breakfast with cozy sitting place next to the garden pool with beatiful handmade waterfall.   Thanks for khun punnasiri and khun eve in reservation who constantively help all my email inquiry during booking and khun june for her professional attitude always taking care our needs and providing details information during stays. they are true hotelier.  I will definitely come back again soon and recommend this hotel to my colluages for every staycation"
"I buy vouncher at Siam paragon : Room with breakfast for 3 persons and  include free flow drink alcohal for 1 hour at Rooftop for 2 persons , Everything​ so worth it, They Upgrade our room to Suite room super big , they have separate kitchen, living room, bedroom and breakfast so nice have many cho​ice​ to order and unlimited, Swimming pool also nice to can take a lot of picture and private"
Very nice atmosphere with best service from staff N’ first . I was impressed with many photos he shot for us and he gave full information about everything in the menu and the scenery we asked with very polite manner in his work .
The roof top bar and restaurant alone merit 5 stars at this iconic hotel but that aside its simply devine.  We booked a hotel car to take us from a rather long and disappointing KLM flight. The driver was wonderful and drove beautifully in his 7 series BMW.  Whisked staright to our suite where check in was carried out in seconds.  Jet lag ensued so we had the most wonderful room service.  Pool area is a little small but very neat and tidy and did not get too busy.  Great gymn with all the machines required.  Breakfast is simply stunning with such a wide variety of international and traditional Thai food.  We ate in Saffron twice but could have eaten there every night.  We did have reservations for Vertigo which were cancelled due to high winds.  All in all we simply cannot
"All staff was very excellent in service mind Both of hotel staff and Vertigo’s staff. Especially K.Lek at Vertigo, he was very nice and good recommend for the restaurant’s menu.  นอกจากวิวที่ห้องอาหารจะดี ห้องพักคือใหญ่มาก พนักงานก็บริการดีเลิศ โดยเฉพาะคุณเล็กที่ห้องอาหารเวอร์ติโก แนะนำดี ถ่ายรูปสวย^^"
"Very first thing i wish very much specifially  to is that procedure of protection covid 19 for all the peoples who was getting into the hotel which is solid performance. From the main door to the lobby i have been warmly greeted by Khun Jacky ( Chief Concierge ) as well as friendliness of entire staffs at front desk were wonderful, smile and charming. Food & Beverage at vertigo was exceptional , absolutely fantastic delicious. Also team members on the roof top were very helpful, prompt response and move fast for serving.  Well done to you all Banyan Tree. Highly recommend & definitely return."
On last minute trip to celebrate my girlfriend birthday. I check with the guest service if its possible to arrange a birthday cake delivered on midnight despite a last minute request (i request this on 8pm)  Ms. Chopaka from guest service is very attentive and able to arrange it for us. She give me a confirmation that she can arrange and have it delivered to my room on midnight. We really really appreciate her quick action and very happy with the arrangement!!
"We bought one day trip, included visiting temples, set lunch menu, cruise experience and a night at Banyan Tree.  Really impressed from excellence service, no doubt why this package is your top-selling !!"
"Banyan Tree Bangkok used to be on the top list of the hotels in Bangkok... not anymore!  We book the promotion room and all you can eat dinner at vertigo.  Room : the room and the hotel are in bad condition (furniture, the tap of the shower was broken, the button of a light was broken too). The bed was good at least  The bath soap was empty and the amenities look so cheap We asked for ice cub. They bring us a ice container with 3 kg of cubs :-) ... see photo The bedroom doesn’t have window!!! Only the living room has a window...  Dinner at vertigo : MY MAIN DISAPPOINTMENT! Some dishes were cold (Australian steak, french fries), the portions were ridiculously small (at least, you can order many time the same dish as it is “all you can eat” concept. The service was not good, not"
"We booked this hotel at the last minute due to what we thought was a very competitive price for a 5 star hotel.   Alas, having just stayed at the new Marriott Marquis on Sukhumvit Soi 22 and the Marriott  in Hua Hin, we realised how spoiled we had been in those new and fresh hotels.  The Banyan Tree is set back off what is a very busy road, with not much close by.  It is surrounded by high rise office blocks, so not a particularly convenient or interesting location.  When driving into the hotel, you have to go behind the building that is on the road. When you get to the drop off area, it is very small, un-inviting and with no doorman waiting outside. At first, we thought we had inadvertently arrived at the service entrance to the hotel.  The doorman, singular, was ok but not"
It was a comfortable stay and the bed was so soft and i slept like a baby. Loved using the bathtub as well. Exceptional view but too much pollution in BKK now. Had the buffet dimsum in Baiyun for dinner and the service was excellent.
"I have visited this place for the first time and I really appreciated this hotel and restaurant. All staffs were so nice, helpful, and friendly. I was staying in 1 bedroom suite room. A huge room with 180 degree view from a bathtub. My dinner was so memorable. Beautiful view, good food, and wonderful staff. The one who took care of me named K.Lek he was so nice and impressive."
"We had great time in Saffron cruise from Banyan tree. Cruise itself is spectacular with outdoor bar on deck offering us beautiful view of Bangkok riverside, and  indoor dining area which offers a luxurious ambiance of Banyan tree on board.   Service was also top notched. Khun First was looking after us whole night from seating us to sending us off. Many thanks to make our night perfect!  We have already recommended this to friends, and for us, we will definitely plan to be there again soon."
"This is my first time staying at Banyan Tree Bangkok. I really feel the warm & family kinds of treatment. Everyone treated me with care & love.  The Airport Representative K. Thun is very friendly. After met me at arrival hall, he brought me to the limousine. Along the way, he tried to engage with me by starting small talk & provided me necessary info. He even asked me if I would like to use washroom before depart from airport as the journey will take approx 40mins to hotel. So caring 😊 Next, I met K. Suthep, the limo driver. Another guy with a warm smile (even covered with mask) make me feel at ease. He checked on me to ensure that my whole journey is comfortable. He is very knowledgeable even just joined the company for 6 months.  The whole journey is flawless. When I reach"
We decided to spend a week over Xmas and the NY at the resort. Wonderfully managed as always and they balanced the need for COVID safety with their renowned customer care. We stayed in the new Serenity Pool villas which are excellent and a short bike ride or walk to the lobby. First time back for a while and we will be back soon! Thank you Banyan Tree Phuket!
Nice weather esp during the New Year. I and my sis got a really warmly nice service from Khun Lek and his team. :) อาหารอร่อยเนื้อตุ๋นลำไย ปูนิ่มและขนมหวาน อร่อยมากกกกก พนง.บริการดีน่ารักมากค่ะ ไว้จะกลับมาอีกค่ะ
"I chose to have my birthday's dinner at Saffron Cruise, I would say that I didn't make a wrong decision. I am very impressed with my first time having dinner cruise, the food in  3-courses is tasty, and the surprised birthday little dark chocolate mousse cake is unbelievable and unforgettable because it is so soft and delicacy so it leads me to make special order of this dark chocolate mousse on my wedding anniversary when stayed at this hotel. The service was so great, it was really beyond my expectation, male staff who had taken my photos during our dinner is professional in photoshoot, also other staffs who have taken my photos when I was on the moon deck. Especially service from Khun Fern and Khun Jack is exceptional, they have very service mind, Khun Fern has escorted me"
"I have a dinner at saffron cruise, the service is very good (n’first take care us) , he very nice and polite. The food had 3 course and taste is not wow, we wait a quite long for food. Atmosphere and decoration is great."
I stayed for five days in this magnificent hotel.  It all begins with the welcome when they bring you a very fragrant flower garland.  The room is spacious clean and the staff is really very kind and at every step they make you a bow.  There is a splendid restaurant on the top floor of the hotel.  The restaurant is open air and has a truly unique view
"I stay here with 3 of my friends as a staycation trip, using Hungry Hub promotion, 1. Check in: not impressed.  1.1 Hungry Hub said the check in time is 12:00 and check out time is 16:00 of the next day. We got the 1st room at 14:00 and 2nd room at 16:00 with the check out time at 14:00/16:00. The hotel said there's not enough facility --> ถ้าไม่พร้อมจะ set เวลาเช็คอินและเอ้าท์ตามโปรโมชั่นที่ชี้แจงได้ ไม่ควรโฆษณาเช่นนั้นค่ะ  1.2 Hotel Staff hospitality was very bad. เข้าใจว่ามีลูกค้าเยอะ แต่ไม่ควรแสดง attitude หรือพูดจาไม่ดีใส่ลูกค้า   2. Room: OK ได้ห้อง 2 ห้องที่มีรูปแบบไม่เหมือนกัน แต่อยู่ตรงข้ามกันตามที่แจ้งพนักงานไป    3. Vertigo: Impressive, especially the hospitality of the staff 3.1 Staff Hospitality: ได้คุณมี่ดูแลโซนที่ทานอาหารอยู่ บริการดีมาก แนะนำอาหาร ช่วยถ่ายรูปให้"
"On 7 December 2020, I would like to share great experience at Banyan Tree Bangkok. We use the voucher of “The return to the river”. Since the check-in process with warm welcome from K.Jacky and K.Kai. I would also recommended K.James - Front Office took care us upon check-in the process very fast and could directly to the room within 5 mins. In room was surprised with the decoration of Anniversary in the bedroom and also Intimate moment service with the rose petal in the bathtub is so romantic. For this surprise, we would like to special thanks to K.Khammai and her team. In the evening, we went up for dinner at BaiYun. Still good quality and excellence service from K.Job, K.Dew and K.Hill. They also approach us for couple photos in attached. But for the variety of food could be"
We have been there last weekends.  Our room is quite big space but a little bit old fashionable.  By the way breakfast was great and the most thing we love is yoga class with mr badminton.  He was a kindness and wonderful yoga teacher.   And it’s free of charge.
I came here for first time and i did propose my gf here. This restaurant provide best services and treat us very special - Thanks to mr. Lek who took care us and support me to create meaningful dinner for my gf.  Best services Best quality of food and drink
Good taste of Thai fusion food. Great service. K.LEK and K.Zin the cruise staffs very nice.  Amazing night view of Chaos Praya river. This month is good weather. You can chilling with friends or with your special person.
Stayed at the banyan tree Bangkok for our anniversary. The service and experience left us nothing short but breathless. The service at dinner at vertigo by khun chanjira was perfect and personable. Thank you Banyan Tree Team for a wonderful night!
"I went to Banyan Tree Bangkok for celebrated my dad’s birthday. We booked 3 rooms and reception upgrade our rooms to high floor for good view. I ordered cake & flowers, there are great. We enjoy and will back again soon."
Just popped in for afternoon tea. It was pretty obvious we weren't hotel guests but the staff were relaxed and welcoming. Thanks for staff (  Khun Jackie-Chief concierge ) for advice  me  and seated at a table facing the waterfall. Our wait staff ( Khun Nok )were attentive and explained everything. We were served a delicious assortment of savoury and sweet delights.Highly recommend this for something different to do.Hope to be back soon.
"Spectacular Dinner cruise with great atmosphere and interior design.  Good breakfast. Excellent service from all staff, especially Khun Narumol (Reservation) - thank you for assisting us with reservation."
"The table setting was very great and the meal was delicious and valuable. Job & Hill were our great supporters in our happy dining experience.   Recommend for the lychee fried, steamed fish and sago cantaloupe.   Definitely coming back!"
"I visit at BIYUN restaurant and very highly recommend this Chinese restaurant. Dim sum is the best that you should not missed!! K. Job and K.Hill is very good service so, they make my anniversary so happy."
I got the great service here by K.Lek. The food and view are very nice. If you're looking for some special place that will ensure you gonna have quality time with your special person. I do recommend you to visit here once.
We choose to celebrate our woderful nigh at Vertigo and it fantastic!!! The atmosphere and all food court is everthing. Staff and everyone here is well trained their services is absolutely the best. We have such a wonderful night here highly reccomended❤️❤️❤️
"We had a wonderful night at the Chinese restaurant.  We are very impressed with the quality of the food, quality ingredients, but most importantly, the service.  Professional service by Mr.Job and Mr.Toey and Team, we promise to be back for sure, thank you again for making this one more memorable night."
"We had one night at Banyan tree Bangkok. We were treated like royalty. We stayed at this wonderful hotel and warmest greeting welcome from temperature checked with k.Suwit.  Impressed with fast check in by K.Kook. She responsive, Knowledgeable and very polite.  The staff at lobby was excellent treats and service. Especially k.Nok, she was attentive. The room was spacious and very comfortable bed, large bathroom and great view. The luggage delivered to my room very fast by K.Boyd ,He very polite and kind.  However, I walked around hotel ,Nice staff  K.Jackie, Chief concierge informed all information to us, such as  facilities,breakfast and sightseeing  around hotel. Also, helped us making arrangements transfer to Saffron Cruise dinner. I got very clear information from him."
"First of all. I bought voucher since 9 Jun at Siam Paragon and waiting for the coming date.   I checked in at hotel first and check out on Sun 15 Nov. Then I went to Saffron Cruise for dinner.  For hotel, very nice staffs, cleaned room, delicious food.  Very appreciated with Khun Jackie, Chief Concierge. He gave very good information and made us happy and ensure that hotel had potocal for COVID 19 prevention.  After that I went to Saffron Cruise, have to go Tier 2 and show voucher to staff on 06.15 PM. Cruise left from tier around 06.45 PM (Very on time).  Foods served with 3 courses and 1 appetizer. I love all of them.   Every staffs very nice, polite and smiley, help to light up and help us for taking photo.  Escpailly, Khun Namp very goos took care us, very impressed with"
Jacu was a fantastic host and we had a great time cruising down the river for dinner.  I highly recommend the Banyan Tree Saffron Cruise. This is a beautiful evening on the river with views of the city night lights. The food was delicious and the staff was very helpful and attentive.
Very nice morning yoga experience!  My wife and I are 1st time yoga practitioner.  We were a bit worried at first (thought to try for 15 mins) but then an hour passed in an instant. Thank you instructor San for the insight and friendly support !
Lovely instructor. Patient and understanding :) very helpful! Felt relaxed and strengthen balance and muscles. Would love to come again when we stay here next time and highly recommended for guests. Thanks so much ka :)
Really great ambience. Food is great and service is superb! All staff are friendly. Lek & Mook went beyond what was expected of them - thank you both for helping us capture our memory through multiple photos 😇 Lek has great photographic skill indeed!
"Saffron cruise is the best river cruise restaurant in Thailand. Food is good and service is excellent. All staffs are very attentive , polite and friendly especially “khun Gam”. My friend and I are really appreciate. It is our great experience and will definitely recommend this to our friends."
"One of the best restaurants in Asia. With spectacular skyline of Bangkok accompany by well selected menu. All of menu served is well beyond expectations, wonderfully cooked. Also, service is excellent. Special thanks to MR.MIE that being so attentive and polite. Quick at service and pay attention to every detail. Overall, great experience. Will definitely recommend to others and will come back in the soon future."
"We came here for the first time and we really like the food. Dimsum and some Chinese dishes are very traditional HK style that we’re familiar with. The staffs; Job, Dew and Toey are very attentive and recommending very nice mocktails on the menu."
"We both have travelled a lot and have stayed at the Banyan Tree many years ago. Not a lot has changed in decoration and style. We booked a suite as it was a good promotion but the price is not the most important part for us, as that would be the experience and good service. (Days, weeks, months or years later people have forgotten about the price but the good memories or bad have not been forgotten)  Lobby was ok (not a grand style) and looked fine but it was not cozy. We checked in and were given 2 keys and pointed to the elevators. We did not had many bags but the bell man sorted our bags out. He did not enter the room but that was ok. We were very disappointment by the room. The bedroom had NO WINDOW and was dark. The room was very cold and the colors in the room were not"
Good test and Over expectations service from your Crew. ( khun First and khun View) hope we meet again ❤️ Thk for helpful  I’m appointment for the day time program after finished last night is so amazing
"Fantastic, Staff very friendly. We really enjoy food and the superb panoramic view. The staff (Lek) willing to assist you as much as possible. He also help us took a memorable photo with professional skill. Very impressive. Recommend to both local and the foreigner. You will love this place. Enjoy 🎉🍷🥂🥃"
"Great hotel with comfortable room and friendly staff. Booked the saffron cruise on the loy krathong day. We had a great welcome by all cruise staffs,especially Frame & Fern, who were so kind and caring for us. Great dinner experience. We spent a very good time together enjoy the impressive night. Thank you for all staffs."
"So really​ impress for everything it's happening here, especially​ a good atmosphere and warm services, special thanks to Mr.Mie and Mr.Lek who taking care us in during a wonderful tonight, i'm really appreciated."
"Cerebrate 30 Birthday at vertigo and moon bar plus complimentary cake and happy birthday song for free!!! Awesome foods, drinks, and atmosphere. The staffs (K'Lek and K'Aun) here are super friendly and nice. They have a strong knowledge on food recommendation. Can request all stuffs like table position next to the awesome city view!!!"
"Excellent staff team with service mind. The staff were very friendly with superb and polite service. They were kind to offer us for the photo taking, also recommended food and drink. We really enjoyed service here especially K Lek."
"We purchased hotel package with 1 night including dinner course, drinks and BF. So delicious dinner and beautiful spacious room, very worth to the price !  ** special thanks to photo services from 2 waiters, Noom and Chen. So nice photos with impressive service mind !! ** :-)  we will come again for sure !"
It’s a wonderful dinner . The best view in Bangkok and the delicious Food and awesome deserts . We have the good time . Nice service made us be happy . ( My waiter ‘s name N’Mee ( น้องมี้)He is so polite ^^ )  We will go back this place again. ❤️
"The hotel is set back of Sathon Tai road. Both BTS and MRT stations are located about 10-15 minutes walk away. Some convenience stores are located within few minutes of walking. Mr.Nueng from frontdesk provided a fast check-in process. Check-out was also smooth.  My original purpose was to try their new Serenity Club Room, but it appears that they closed down some high floors during weekdays, so they put me in 2-bedroom suite which is located on lower floors instead. The suite was very spacious. It may be worth the upgrade, but it contradicts my original purpose.  The suite was clean, but I spotted stain on carpet, sofa and chairs.  Guest service was prompt and professional.  Wi-Fi internet was extremely bad, weak signal, and was not stable throughout my stay. It was able to get"
I booked a birthday dinner on Saffron cruise for my husband. Everything was perfect. Good food and great service. Appreciate the service from all staff especially from Khun Lek and Khun Ming. Happy sailing with Saffron cruise. Highly recommended.
Fantastic night with very delicious Thai cuisine. All dishes was so tasty. Good vibe in both rooftop and dining room. Great service with 6 stars quality. Especially special service from Khun Lek and Khun Mhing take care us all night.
"Excellent service from Saffron cruise staff, and special thanks to K.Fern & First for a lot of nice photo.  Thanks for impressive birthday cake to my wife today.  Overall food is good ...i will come again.."
"Great food with super beautiful view of Bangkok city. Overall very good experience. Also, very helpful and friendly staffs. Big thanks especially to Khun Fern & Khun First for the super nice services."
"One of the best one night in BKK experience so far  for us. The hotel service was really great. Banyantree spa was also incredible and you must try that! Moreover, I had a chance to have dinner on the Saffron cruise and the service was flawless. K Fern's and K First's provided superb services. They are super friendly staffs. We will definitely come back again :D"
"Great service! Lek and View were really great and attentive, which definitely made our experience even better. The food was good, portion was decent as well. The view on the deck is amazing and I will definitely come back again."
"Great view and food. The file so file when stay here. Enjoy with great view and nice music, also good servise and nice photographer (K. MIE), recommend to take photo by him. :)  Nice to come with partner, friend and family. You will enjoy fabulous time here"
"We have many experiences on cruise around the world.  This is our most favorite one. Food is delicious with quality.  Good view along Chaopraya river.  We are impressed by great service from K.Lek and K.View who taking good care to us.  So impressive and fabulous experience.  Don't miss it when you visit Bangkok, highly recommended !!"
"Delicious food and good ferry trip cruising along Chaopraya river. Timing is also good for customer to enjoy the atmosphere for a couple hours without boredom. Customer service is excellent, all staffs are all available for assistant in many ways, e.g. voluntary for shooting a phot to for customers.  Staffs: Ming and Lek"
"We visited Moon Bar and got really nice service here! Signature cocktails are amazing. Also friendly staffs, especially P'Mie and P'Noom! They took us memorable pictures like a professional team! If you are looking for a rooftop bar, Moon Bar is worth visit!!"
Staffs ware very polite! Sooooooo good bar!!! Today was birthday. The staff carried a birthday cake. It was surprise for me! I was so glad and happy!! I want to come again this bar! And I want to introduce to this bar with my friends!!
"Very good dinner and drinks. Stuff are very kindness. today, My wife’s birthday. The staff members celebrated their birthday with a surprise. We were able to spend a very satisfying time. I was able to spend a memorable time."
"We come here for celebrating of gf's BD and anniversary at hotel and also Vertigo restaurant, which is highly recommended for any important events, nice view ,nice atmosphere and nice staff with service mind especially - Mr.Mie"
Nice​ view​ of​ Bangkok​ chao praya River​ / food is​ delicious and​excellence service​ from​ Khun.​ Lek.​And.​Khun.​View​ / price is​not expensive and.​Hope to.​Have.a revisit again soon at​ this.​Saffron cruise
"This is first time visiting here. The food is quite good particularly the seafood linguine, a spicy fusion Thai-Italian dish. The waiter, Mie, is polite and able to provide a warm service. Recommend everyone to explore here."
"The view is absolutely beautiful! The staff are very lovely and polite! The food tastes amazing!! The music fits perfectly with the atmosphere. The night was amazing, had so much fun! Would definitely come again!"
"It all exceeded our expectation. Great hospitaity, room, restaurants and bar.   Room is very clean and spacious. Nice smell. Very attentive staff. Food is great. Check out the Vertigo and Moon Bar. Awesome view and awesome food & drinks. Miss Pen took great care of us. Very impressive. Highly recommended"
"This was our first stay in a Banyan Tree Hotel and quite frankly blew us away. From check-in to check-out we were impressed again and again. We were very surprised and thankful to receive a room upgrade and nothing could have prepared us for the moment we opened the door of the room, it was breathtaking. Thank you to the front desk - you gave us a lifelong everlasting memory. Our stay was relatively short so we couldn't sample all the hotel has to offer (and didn't want to leave our delightful room) however we did take a trip to the rooftop Moon Bar and it really is a 'must do' as the views and the atmosphere were truly amazing.  It would be difficult to find fault with any aspect of our stay, so suffice to say we were extremely impressed with the staff, the room, the location"
I was here with my family and it was my first experiencing dining on cruise. I was impressed by the warm welcoming of the crew and the friendly and exceptional service from “N’First”. Thank you for making the night amazing and memorable. Shout out to “N’First” 😁👍🏻
"We have always been a big fan of the Banyan Tree Bangkok. Our experience as same as what we’ve experienced before COVID-19.  The hotel has a great hygiene system during this time.  The food, the service, the facilities, the rooms, everything about this property is PERFECT. (apart from club lounge 19th floor have closed during this COVID era)  Every little detail is taken care off, anything you need is available for you. Special thanks to Khun Ying (Room Director) whom manage all service during our stay (4 nights) even she is still working aboard.  Rooms - Spectacular view from the room on 57th floor (city view)   Dining – Bai Yun is the five star Chinese roof top in Bangkok. Staff always ensure we had the best experiences. JUST AMAZING!!!  Concierge - always available to make"
"The Banyan Tree is one of the best Hotels to stay in Bangkok. Our stay was truly amazing! Beautiful and clean rooms , delicous food with a great variety and a breathtaking view. But by far the best was the staff! Well trained, friendly and truly outstandig. We can truly call the Banyan Tree Bangkok a home."
"The hotel is old but well maintained. The staffs service is topnotch. Some other 5 stars hotel can be quite tight with customers requests, but not year. We have got plenty of tea/coffee/fresh milk etc. Breakfast is also amazing, in fact all the meals as they used high quality of ingredients. The room is large and sparkly clean. Special thanks to N Sugar who made my checkin so smooth. 10 10 10!"
"The Banyan tree hotel is an excellent Hotel that made us feel very secured in these trying times. We needed a get away after many months of lock down as we were rather cautious of traveling. However the hotel went above and beyond to make us extremely comfortable not only due to their COVID19 management but also the Chief Concierge Mr. Jackie that we had the utmost pleasure to converse with during our stay. He gave us the most exciting recommendations for restaurant (that cater towards our very specific needs)as well as sights to visit that is off the beaten path, which in my opinion shows that his knowledge is very in-depth, personal and not taken out of your run of the mill guide book. Besides Mr. Jackie all the staff were very attentive and the hotel breath taking. We will"
"Not at all satisfactory, not sure why anyone would pay extra for this as the choices were very poor indeed...2nd class choices of not very much food and one choice of white wine only, cheap gin and only cheap local beer...not impressed"
"I’ve been staying there for couple of nights. My room was 4110, quite old.   We reserved a dinner buffet at Hotel’s restaurant (rom sai). We never been told that the food range will be cut out or unavailable. The experience was horrible, very limited food selection. I can find a better buffet in any 3-star-hotel in BKK with 1/4 of full price.  The cost of thb 1,799++ per pp is a real ripped off. They offer us 50% off after a big complain. Even after discount was still overcharged.  Totally not recommended. :("
"We had a staycation at Banyan Tree Bangkok for our wedding anniversary. We  also reserved a table at the Moon bar for dinner. The atmosphere was great. The panoramic view was stunning. The food was so delicious. The service made the night perfect for us. Khun Lek was very friendly and provided excellent service. He even took a great picture of us and printed it. Definitely, the best souvenir."
Very good service here. I booked with hungryhub promotion. The food are good and the amount is appropriate for us. The staff who name's Lek is so nice. He know what to do and recommend many good dishes. He also has good photographic techneques. Recommend to come here.
This is my first stay at Banyan Tree Hotel. Overall experience very impassive. Hotel staff very helpful specially Khun Boyo at concierge. His service very outstanding and always call me my name.  We will come back for sure 👍
"This time we stayed on 48th FL. The room is large enough and sparkling clean, well equipped with everything we need. The view of Bangkok catched our eyes. All officers provide us great service which we really appreciated."
"We had such a memorable experience with our first family stay at Banyan Tree Bangkok.   All the staffs were professional, nice and friendly. While waiting for checking in at the lobby Khun Sombat and Khun Nok took very good care of us. They even offered some cakes and drinks for our children. The chief concierge Khun Jackie, with his epic service, he handsomely upgraded our room to one-bedroom suite which was very spacious with everything so fresh and clean. They also offer various kinds of complimentary tropical fruits.  Our children love it so much that they wouldn’t want to go anywhere else.   The Moon Bar at the rooftop is a very special place to visit with a nice scenery where we could spend time to relax and see most of Bangkok beautiful landscape from the top view in both"
