"This is my first time stay at Sindhorn Midtown Hotel for 2 weeks.  And I was very Impressed with everything!                                               your services, room, location, restaurant. Special thanks to Khun Naphat , Khun Best (front) , manager and all your team stuff. I will definitely come back again."
"It was a very pleasant stay at Sidhorn Midtown. The accommodation and facilities were on point. Also the decor is really aesthetic and lovely. The food menu of 'Treat' is delicious. The view from swimming pool is spectacular. And staff is really helpful. Especially, Naphat has been very helpful. Best wishes for future endeavors."
- My son was enjoy the Happy Camper activities and slept over in the tent. - Nice accommodation - Nice restaurant with good food - Good breakfast - Nice staffs and services - Free 2 HarborLand passes for free - Good promotion  Recommended for family stay 👪
"Good location, best service, better than manyplace of 4 stars hotel other, thai restaurant very delicious and affordable to dinner. Room so very clean and comfort. Hotel staffs good at service mind and cosy with me, i will refer to many friends and come back again"
"We stayed here for 14 nights and thoroughly enjoyed our stay. We got a fabulous rate for a 2 bedroom suite that was a perfect size for our family of 4. The hotel is new and super clean. We opted for daily breakfast which is delivered to your room Mon-Fri and then available buffet-style in the restaurant on the 2nd floor on weekends. It’s great breakfast and worth the price and convenience. The pool and bar on the 18th floor is awesome as well.  The hotel is right next to a 7/11 which was super convenient for snacks for our kids. It is also conveniently located within walking distance from Mercuryville, Central World, Siam Paragon shopping centers as well as Lumphini Park and Erawan Shrine.   The staff was incredibly sweet and accommodating, especially Naphat, who was always"
"I've been here twice for my dinner. For the first time I tried their Thai food which are roasted chicken with fried rice and deep fried chicken wings. They were both great, especially their roasted chicken. It was marinated nicely with Thai herbs ang got a hint of lemongrass. For the second time, I tried their dried tomato and shrimp pasta and pizza, which were also palatable. The prices are reasonable. Khun Tan, June, and Nueng are the staff there. They are very helpful and attentive. If you're looking for a place for dining, this restaurant is highly recommended."
very enjoyable. My second time here. Still good as new. less than 5 mins walk from BTS Chidlom. Thai food at Treat is to die for. All menus are so authentic and distinctive. Signature dessert is  what you have to order to finish your dinner on a good note
"This’s my first time at Sindhorn Midtown Bangkok and it’s was starting well when k.Focus and K.Ma-now greeted me with a smile and very friendly helpful attitude.  Staff is so important, They really make the difference and can make/breaks your stay.  K.Focus and K.Ma-now made it !!   Overall a very good Tr.eat with staff as the biggest+"
ห้องสะอาด กว้าง เครื่องใช้ครบครัน สะดวก อาหารอร่อย สระว่ายน้ำขนาดเล็กแต่เหมาะกับเด็กๆ ฟิตเนสเครื่องดี ทำเลดีมาก ใครที่มีครอบครัวควรได้มาพักสักครั้ง มี harborland เด็กๆชอบแน่นอน ใกล้ๆมี velaa sindhorn village อาหารมากมาย อร่อย แต่ราคาค่อนข้างสูง   special thanks to Khun Napat for his real kindness and helpfulness.
"We recently stayed for one night as I wanted to take the kids to Harborland and the hotel was offering a promotion with free entry, along with room upgrade, early check in/ late check out and free meal for kids. It was a good promotion for the price. We had a two bedroom corner suite on the same floor as the pool which was very convenient. Being relatively new, the hotel is clean and modern with a stylish pool/ bar area. Breakfast was good, if a little limited, but the lunch we had was a little disappointing. Another downside was they only issued one room key and this stopped working a couple of hours before check out. It was quickly resolved, but not ideal when you’re trying to get your kids showered and changed after swimming,  Staff were friendly and helpful. We’d definitely"
The food was great with the reasonable price but even greater with the nice service from N.Moo at  the pool bar. He was friendly and gave all needed info. We really enjoy the experience there; will surely come back. Thx!
The brand-new hotel place in The middle of town. I visit Treat by Saneh Jaan by lunch time. The taste of food was good. Do not miss Phad Thai!!! Staff was nice and good service.  Special thank to Khun Ake-Suwit gave a tour to see hotel facilities.   I like the idea to put Sharp air purify as hotel standard for every rooms. This is the must for the world famous hotel.
"My family and I spent one night at Sindhorn Midtown Hotel on February 26,2021 to celebrate my niece’s birthday. The hotel staffs made it as a very special day with all complimentary stuffs and the decorations. All rooms were nice and clean. There was also the great turndown by Khun Sorawit,  room attendant. It’s my second time here and I’ll come back again for sure."
"เป็นการเข้าพักแบบ Staycation ครั้งที่สองที่นี่  รู้สึกอบอุ่นทุกครั้งที่มาพัก พนักงานทุกคนมี Service mind ที่ดีมาก ให้บริการดีทุกท่าน และพนักงานสามารถจำผมได้ด้วย  ครั้งแรกที่เดินเข้ามา กล่าวต้อนรับด้วยประโยค ""ยินดีต้อนรับกลับมาครับ"" ให้ความรู้สึกที่อบอุ่นมากๆ  ทางโรงแรมทำการ Upgrade ห้องพักให้เป็น Sky Deluxe เนื่องจากวันเกิดย้อนหลังของผม :)   ชอบบรรยากาศที่นี่มากๆห้องพักวิวดีมาก ได้เห็นแสงสีของตึกในกลางกรุงยามค่ำคืน  TV ในห้องพัก เป็น Smart TV สามารถ share screen Netflix จากในโทรศัพท์ขึ้นมาดูได้ ถ้าทางโรงแรมมี Netflix ให้ใน TV ด้วยจะดีมากๆครับ  ที่ชอบที่สุดคือการให้ Check in/out 24 hrs สามารถใช้เวลาพักผ่อนที่นี่ได้เต็มที่เลยครับ  ถ้ามีโอกาสหรืออยากหาที่ Staycation อีก Sindhorn Midtown คงเป็นหนึ่งในตัวเลือกที่ผมคิดไว้แน่ๆครับ"
Comfort accommodation with Harbourland next door is great for the family with kids. Thai food at Tr.eat is superb with great service from khun Fern. Don’t miss authentic thai dessert “Som-chun”. The location is also perfect for urban hanging around.
The service is good especially from K.Au and K.Tan who are very attentive. The ambience is cozy. Most of the dish are delicious but some are too salty. Dessert is good but too less of choice. Anyway the price is reasonable.
New hotel located on Langsuan Rd. which close to BTS Chidlom Station. I really love the location! There are many restaurants nearby and 7-11 is right in front of the hotel. Spacious room with cozy and modern interior. All staffs were nice and friendly.
"Great hotel with reasonable price.  I've a wonderful stay with my family.  All staff have been helpful, friendly especially Khun Focus at Front office. He has been helpful, cheerful for us throughout the stay. We also had smooth checkout by Khun Manao. Thank you! 😀"
The quality of the room is nice considering the price. The pool area is slightly overcrowded. The reservation for the pool use should be for day bed not the pool. The service is confusing at time (we tried to order wine for in room dining) but the operator said it’s impossible. The service however was elevated by. K Tam (bellman) who was very hospitable.
"I am currently in long stay status at Sindhorn midtown. I liked the facilities here, the gym is big and plenty of machines, the horizon pool is clean w/ view from the 19F. I also liked the house keeping everyday which keeps my unit clean & neat. Lastly, they have nice staffs- very friendly & accommodating. Special mention to kun Naphat, one of the staff who helps me a lot."
"Restaurant is Great decor with delicious food. We love Somchun, thai dessert with fresh taste. Also lovely, warm welcome and wonderful services from staff (K.Piamluck, K.Fern and every staff here) My team and my business partner are pleasure here 😊"
"I had dinner with my friends at Tr. eat. The food was nice as well as the atmosphere. The staffs and manager were also very attentive and helpful, especially K’Au Manager, K’Ploy, K’Pan, K’Boom and K’Title. Definitely,  recommended for the special occasion."
"I've booked a Vday package for a very last minute as I want to celebrate my vday with my husband being away from other ppl to keep me safe. This package is everything we're looking for; includeed all meals serving at our room. For dinner, it's 4 course dinner set with sparking wine to celebrate privately. For breakfast, we can choose the options from the hotel. All meals are really nice esp. the dinner, we love it so bad!   Moreover, the location is very convenice in the heart of BKK with clam surrounding and there's 7/11 just in front the hotel.  The room's very nice and clean. My room type's a suit with a little kitchen, medium sized fridge, dinning table and living area. These are what we've looking for our great staycation for our social distancing vday."
"Really appreciate the service provided by all hotel associates, since step in the lobby. Special thanks for Khun Napat, Bellman who had assisted when I was waiting for my friend for Dinner and served  me a superb welcome drink!. Thank you to Khun Manao, Receptionist who has a welcome smile and give me a really nice information and recommendation. Dinner was really nice and all F&B staffs were really friendly too."
Need to say “WoW” very appreciated the service here especially K Oh at the reception i feel her smile even under the mask. Welcome drink was offer while i waiting for my friend at the lobby. i will come back again for sure and thank you the staff at the restaurant. The food is really good. Welcome drink is real nice.
I visited the hotel with my friends. Tomyum welcome drink was served by Khun Napat was delicious. People in the lobby were friendly and welcoming every time we passed by. Swimming pool on 18th floor was so great. You can enjoy Bangkok city view when you spend time in the pool.
"Very convenient location next to many shopping malls, central Chidlom vella .Clean spacious room. Excellent very helpful and friendly staffs. Delicious Thai food. There’s a 7-11 just right infront of the hotel"
I booked a hotel because I have seen the picture with the view and the pool in the roof top which is so amazing. The room was great and you can enjoy the view of BKK city. Though the room has offered you all the facilities that you might need in the other hand for toiletries they couldn't provide you toothpaste and toothbrush as the room is look like 5 star to me. However the rest in the room was nice very neat and clean. I ordered a room service for my dinner and that's so tasty as well. And you can walk to BTS only 5 minutes if you want to explore the city. I would definitely come back again and I have good time there.
"Our special dinner at Tr.eat, good food and details added. Chef made one set as vegetarian as per request, it came so good and delicious. Services also fantastic, thanks Au and Tan. Will be back again."
"Dear. Sindhorn Midtown,  First time of my stay at your hotel. I'm very impressed, since I call to book dinner v-day. Your team is very helpful. When I come to check in, Khun Kie at front very nice, very kind and courteous. She a great help me with all my queries. Also Khun Apaporn, Khun Tum (Bell man), Khun Nan and your team that received my request over via the phone.  And thank you so much for providing a room for my anniversary 3 years. It was very beautiful and impressive.  All your team is very nice. Thank you so much.   peach  13.02.2021"
"Nice hotel with easy going style and modern Affordable price, close to BTS Chidlom and central of shopping area  Good foods, friendly staff and superb service I can recommend to my friend must try this hotel, service and good foods"
Good food. Michelin level in affordable price. Highly recommend. One portion is quite a lot. Should come with more than 2 persons. I personally like Wunsen pat Nam and Som chun (dessert). My friend likes Yum Som oh (pomelo salad).
"I had a wonderful experience at the hotel.  The staff are all great! They all go above and beyond to make me stay comfortable. The room were clean, wonderful and perfect to celebrate a birthday. I got birthday’s cake from hotel. Thank you so much."
I went there for my birthday staycation and the experience i got from there was excellent.The staff is very welcoming.The room is also big and has a beautiful view. Would recommend it to anyone who want to stay in the heart of Bangkok
"It such a lovely dinner night as I am coming to celebrate my anniversary. Khun Oat and khun Fern are really helpful with an extra smile all the time. I would recommend everyone to come here.  Also, special thanks to the lovely cake :) We are really happy with your food quality and service"
Very good hotel very clean room would like tv in bedroom this my only fault swimming pool very good good views of city location also good bit far from BTS chidlom and 6 eleven outside hotel overall we will come back this hotel for sure look forward to it
"This is the new and recommended place for dinner around Sathorn and Pathumwan area. Nice vibe with excellent service. Especially, the restaurant’s manager (Khun Fern) is very helpful. Let’s try! 👍🏻👍🏻👍🏻"
"I stayed here for second time. I am in loved with good location near Chitlom BTS (5 min), good service-mind, good staff(, nice view at roof top salt pool, also delicious thai food. I will be back again."
"Sweet staff in this almost new property, the best value for money, love set ups in room, b d is heaven, all you need is there plus 24/7 gym, will be there again very soon, thanks to all teams there and appreciate to fix my early stay. Like mentioning great members: Nan, Alex, Thanie, Boat, Chan & pool guys and HK team , fantastic jobs, keep moving up ! Cheers."
"This is my second time to stay. I choose this hotel again as I loved their staff service and also their restaurant, all menu from Tr.EAT was delicious and the price not too expensive when had compare with another Thai restaurant in another hotel.  I got 2 beds room suite, we loved all decorations inside the room, big sofa, pantry area and also have air purifier setup inside living room, this is the best for me as I am allergic and sensitive with PM2.5  Back to hotel facilities, I loved to visit panoramic outdoor pool to enjoy unlimited drink package at pool bar, their have created delicious cocktail and food for us.  If I have plan to special occasion, this is the list that I will come back to stay again.  Thank you their staff and Khun Note to special taking care us during my"
"Good taste and the best service mind (N'Tan), good atmosphere, parking available. If you want to try authentic thai food. Highly recommend Yum som O kung sod (pomelo salad): delicious dish and don't miss a sweet tooth : sticky mango 😍"
"It’s worth the night staying with this hotel with good service and very professional. They treated us very well and care all every single in and out of the hotel!! Love breakfast ! Nice bed, clean room. Best hotel ever had!!!! Come and spend new experience with your beloved friends or family, you would be enjoy!!"
"Very delicious at the incredible all you can eat promotion price.  The staffs are very nice , especially thank you for khun Fern for her admirable services, very impressive and we will definitely come back (soon)."
Very appreciated the service here when I entered the lobby the staff very cute I love their smile under mask as new norm and the food very good test I want to special thank for k mind and khun nan at reception and the staff Tr.eat restaurant very good advisor thank you khun Fern and Oat. I will definitely come back again!
"We LOVED the stay in this hotel. Everything we wished for, super friendly staff especially Boat and Alex. We would definitely recommend it to every person who is looking for a wonderful sight and five star convenience!"
"If you are looking hotel for work or leisure at center if Bangkok areas. This new hotel is very clean, good service mind and detail oriented. The customer service team take good care the customer.   This hotel is also close with shopping center, Starbucks and Harbour Land which good for kids. They will have more activities.   We are strongly recommend you to stay here and you will be impresses same with us.   Have a good holiday."
"Best Thai Cuisine in Bangkok, Good decoration, The restaurant atmosphere is very good.  For those who like to eat a little spicy in Thai style, we recommend all the Thai curry dishes.  If you have no idea to order menu, You can show my photo to staff.  The service is very good.  Recommend the menu well, be impressed. Love and we will come again for sure! <3 23 JAN 2021"
"Great food, excellent service,  Casual french-cafe-style atmosphere You can find many signature menu that were made famous by its predecessors - unique style Thai dishes. Recommend Somchun for dessert."
Clean and comfortable beds. Good pillows. Enough choice of pillows for different resting heights. Good view of the city. Convenient location near malls and restaurants. Near metro stations. Good breakfast.
วันนี้ได้มีโอกาสมาพักที่โรงแรมเปิดใหม่สวยๆใจกลางเมืองอีกหนึ่งที่ พอมาถึงก็ประทับใจตั้งแต่แรกเริ่มเข้าประตูเลย มีพี่ๆพนักงานที่ยิ้มแย้ม คอยเปิดประตูทักทายและพามาจุดเช็คอิน พอกำลังเช็คอินอยู่ก็ได้รับกับอีกหนี่งความประทับใจก็คือ Welcome Drink น้ำต้มยำ รสชาดเปรี้ยวๆของมะนาวกับตะไคร้ เย็นๆสดชื่น ที่มีซอส  Tabasco green pepper เอาไว้เพิ่มรสชาดตามความชอบ  ห้องพักที่เลือกในวันนี้คือห้องพักแบบ Sky Deluxe  ซึ่งรูปแบบห้องจะเป็นแบบห้องพัก residence ที่มีสัดส่วน แบ่งโซนชัดเจน และมีอุปกรณ์ทำครัวครบครัน  สระว่ายน้ำสวยงาม นั่งพักมองวิวเพลินๆพร้อมกับอากาศเย็นๆจนลืมเวลาไปเลย  ที่สำคัญ พนักงานที่นี่คอยใส่ใจ บริการลูกค้าดีมากๆ อาจจะจำชื่อได้ไม่หมด แต่ก็ขอฝากขอบคุณให้กับทีมพนง.ของโรงแรมสินธร มิดทาวน์ ทุกคน โดยเฉพาะคุณมาย & คุณโฟกัสที่ช่วยดูแลเรื่องการเช็คอิน เช็คอินได้ราบรื่นและอธิบายเกี่ยวกับ
Nice bar with sorted cocktails rum based. And Savory cocktail was worth for trying. Pim the bartender quite nice. I would took another chance to back here. And the location wasn't far from sky train. BTW I can't upload the photos.
"Food is so nice, Thai food and spaghetti were really great! the price is reasonable as well. The service are very wonderful! especially K.Nueng, she served me so well!  Thank you for this great dinner and excellent atmosphere."
"We stayed Sindhorn Mitrtown for 1 night, we chose to have dinner at Rhumba at 1st floor beside lobby, the atmosphere of the restaurant is very comfortable, friendly, the staff who take care of us name Khun Fern can advise us on the menu to celebrate our Christmas tonight.  Khun James, the bartender who selects the menu that is suitable for our food.  Excellent advice  My boyfriend is very satisfied.  The menu are reasonably priced with quality. We will back again for sure."
"Perfectly located. Helpful and friendly staff. Thank you to Front team Khun Best, Nan, Naphat and Tam. Also an excellent breakfast and dinner. We will definetely come back with friends and I would highly recommend this hotel."
"Went to Rhumba with the family for dinner last night. The Thai food served in this hotel just off Langsuan Road is an upscale version of street food without the exorbitant prices. Choices are good without being overwhelming.   We ordered from the Rhumba menu as well as Thai food from Treats by Saneh Jan and thoroughly enjoyed our dinner.   During dinner,my teenage son cut his finger on his braces and when we asked for a plaster from the staff, 4 of them came over with a fully stocked first aid kit to check if he was ok 🙂.   I was commend the caring attitude of Au, Cherry, Manow and Naphat.   Will definitely be back!"
"Visited for the third time here, every time we are so happy with how staffs treated us and made we feel so entertained with their charisma, good services and impressive cocktails This time our experience were blessed by talented Oam, Ferm and Pim. Thank you and You will keep seeing us drunk and laughing like madmen. :)"
"This restaurant was very good. The food tasted good. Our favorite was fried shrimp balls and fried fish cakes.  The service was excellent.  K. Tan, our waiter, was very friendly.  👍 A place to recommend!"
The ambiance of this restaurant is quite nice and I’m satisfied with their services as well as the taste of food. The place was not busy even on the Saturday afternoon. Very reasonable price in my opinion but still too less options for food/dessert.  ทราย
"Rooms, food, haborlandfor kids, safety, clean, all are excellent, I will come again.  Convenient transportation in the middle of the city, close to tourist attractions and shopping. Highly recommended for families with children."
A very good place go try authentic Thai from Michelin-starred team ‘Saneh Jahn’. stir-fried Sanoh w grass noodle n fermented pork is one of the dish u cant miss. Also Monn Curry and Pomelo salad are really worth trying.
Great atmosphere and service. Clean and quiet place. The best choice at Langsuan with a reasonable price. They have a spectacular view at rooftop pool. Convenient for going out around Bangkok. You should try once!
"Perfect infinity view pool (lovely floating bean bag) and also amazing interior designed by the value furniture. Impressed service from every staff, especially K'Focus and K'Gie. Hope to come back again. ❤️"
"Without doubt one of the favorite hotels I stayed during my time in BKK! Upon arrival we were warmly welcomed by the staff. The staff was extremely friendly, the check in/out time is very flexible under our request!   And I have to mention about the staff name “Naphat”, who is such a warm personality and highly motivated guide (recommendable!). He helped us to open the shortcut door again and again. It saved so much treasure time for us during the stay epically with baby kid.   The hotel atmosphere is so special that it really felt like home to me. All respect for the staff who have done a great job here; a true sample of excellent hospitality!"
"A derivative of One MICHELIN Star traditional Thai fine dining, Saneh Jaan. This Tr. EAT restaurant made us an impressive welcome with spacious high ceiling space located at Sindhorn Midtown Hotel, right on Lungsuen Road.  “Saneh Jaan” is famous for first-class materials from all across Thailand  for food preparation and I hope this Tr. Eat restaurant keep the same strategy because the food taste good. (I didn't have time to find information about this material thing while we were there).  We were a big party of 60, 30 kids and 30 adults, that well seated (kept) in one section of the restaurant and everyone loved what we ordered. We only selected a la carte menu and some stater dishes,  Pad Thai goong sod, Tung tong Sai gai, but now thinking about coming back to try other main"
"I live in Bangkok but wanted a change of scenery and decided to book 3 nights at this hotel. I'm not sure where to start - everything from beginning to end was pretty amazing - Room (Urban Premier): minimal design but makes you feel at home. Perfect for WFH: great wifi, usb plugs, big enough desk Super comfy bed, smart TV and there are many amenities you can ask for. - Facilities: the infinity pool itself is quite worth the stay and offers a 180 degree view of Bangkok. It feels quite amazing to witness the hustle and bustle from your sunbed. Haven't used the gym but it shares the same view as the pool - Location: it's right in the middle of Bangkok yet feels so quiet and relaxing. Chidlom BTS is a 5 min walk, Lumpini park a 10 min walk. Around the hotel you have plenty of"
"I am quite impressed with attentive yet friendly staffs at this hotel, I mean everyone I ran into seemed helpful and have beautiful smile in their face. On top of that, the location is right in the middle of Bangkok on more tranquil side however easily access to both public transportation and by your own car. The hotel is well-decorated (love the design) clean and full with facilities I need. Thank you for your great service.   Would love to come back for another stay."
"The food at Tr.eat is very remarkable.  Recommend to try this real traditional Thai food. Special thanks to Chef, K.Oat & Team to provide excellent service and K.Oa for recommendation, I will definitely go back with my family and kids."
"Best service from Khun Au at Bhumba (lobby bar) the place is very nice and new. In November the air is fresh and clean. Thank you very much for your best service best, great yummy food . Must come back"
"First of all I like to mention the friendly, helpful and capable staff, with on top of our list reception manager Priauw. But all the other staff members we met during our 8 night stay, did their utmost to make our stay a pleasant one. The modern and clean hotel, with facilities like a swimming pool, fitness centre, sauna, pool bar, lounge bar, restaurant is situated on a location not far from for exemple Lumpini Park, the Erawan Shrine, Sindhorn Village with some nice restaurants and a very good supermarket underground, many malls like Central Chidlom, Central Embassy, Gaysorn Village, Central World, Sian Discovery, Siam Center, Siam Century, Siam Paragon, the Platinum clothes mall and the good old MBK. They are all in walking distance from the hotel or not more then one"
"+ Love the location as it's very closed to my workplace and my kids school.  + Love the cleanliness and the newness of the hotel. + Love the view at the sky pool.  + Love the decoration of the lobby, the 2nd fl.restaurant and the 18th floor rooms' style. + Love the hotel amenities in the bathroom; The shampoo, conditioner and bath products are unexpectedly very good.  > Bedsheet softness could be optimised. > Bathtub water leak when using shower (in the 2 br type) should be reviewed."
"If anyone is looking for the staycation or long stay in Bangkok I highly recommend Sindhorn midtown hotel.  The location is very near to the BTS and siam. The room is very modern and comfortable, feel like we are at home.  We are so enjoy and happy to stay in this hotel, even one night, but not the last time to come here. Just want to say thank you so much to all the staffs for taking care of us."
"The staff are wonderful. Very knowledgeable and helpful. Particularly Cookie, Pui, Fern, Oatto, Pim,James,Ohm, Uma, Tai.  I know I used the word particularly, but everybody was fantastic. I would definitely return here frequently."
"Very good value hotel in a great location in BKK. What really makes it, is the staff!! They shine bright, like the glass entrance doors that are so clean I have seen people walk straight into them on both visits to this lovely hotel! The modern rooms are very comfortable and stylish with all areas maintained to a 5 star standard. Special thanks to the reception staff and the assistant restaurant manager, actually everyone!!  I wouldn't imagine this hotel need worry about having a marketing department providing they look after and keep the staff they have!"
"This is new hotel at Luangsuan area and not far from BTS Chidlom station. After they reopen again during Covid situations, I have good experience at this hotel, firstly I would love to say thank you Khun Note from sale department as she is the person who take care my reservation and make my dream staycation at this hotel.  We loved swimming pool and also pool bar as they have happy hour promotion that we can enjoy free flow wine and cocktail total 2 hours. The hotel have gym and sauna, its free for in house guest. We loved to use it everyday.  For dinner we went to Tr.eat restaurant, this is main restaurant open for lunch and dinner, we ordered Thai food from here, Yum som oh goong sod and Geang ran juan moo are must to try as very delicious. After dinner we went to Rhumba, this"
"Really good location near BTS (Chidrom ) Skytrain, Central Shopping Mall, one stop to Siam Paragon Shopping mall. The room is nice, clean with standard facilities. Staffs are friendly, in room dining is great.  I would like to recommend this hotel for normal (not luxury) travelers."
Great foods and drinks and for the service is excellent as well.I feel comfortable with  this place (Rhumba) every staff are super nice. And The price is very reasonable.  Must visit Don't miss!!!!!!!!!!
"Lovely new hotel , great room and gorgeous pool. Staff very friendly, helpful and attentive. A special note of thanks to K.Oh and her team K.Best and K.Aun for exceptional service. Centrally located with parking available."
I booked the hotel there and stayed one night...the staff is super nice and warm welcoming...new hotel.. great location... breakfast served in bedroom..I couldn't finished all the breakfast...not to mentioned the pool... great view...love it...I will definitely be back there.
"Just opened a month or so ago. Three dinning options. The poolside area with a view, TreAT, and Rumba on the ground floor. Very reasonably priced and really yummy. Good comfortable seating but lighting is a bit dim. Strongly recommended"
"Beautiful Lobby, the atmosphere is very warm welcome. The food was delicious. Big and clean swimming pool with good view point, the staff were very friendly, special thanks to Khun Naphat, he was so friendly and very helpful, he took us for swimming pool inspection and he was willing to give us all information we need. Appreciated."
"We had a very spectacular time. Since we had walked in. it was warmed and wonderful. We are ready pleased to have K. Fern took care of us very nicely. she is very professional. She knows what we needed without asking. especially, she plays with our kids. So, we have more time to drink. 😁"
"The service in hotel very excellent, you can always get what you need or what you want it. The food that they offer very high qualify and they have a great selection that you have access whenever you need it, I recommend this hotel very fine and would come here any time"
"Excellent hotel, great location and courteous staff especially Mr Naphat at front office desk. Super roof top pool and sports bar. Useful gym  Great restaurant  Lots of restaurants nearby. We will come again. Thanks"
"Will come back again for sure ! You can enjoy your stay in great room, great view from bar and pool on the 18th floor in prime location. If you have kids toddler to preteen - you can bring them yo Harbour land next to the hotel too !!!"
"The facility was new and location was perfect, a center of Bangkok. But the best thing was staffs’ hospitality. It was my daughter’s birthday and the hotel brought a cake to the room with celebration. It was memorable birthday for my daughter!"
"Beverages really good ,best service   Not expensive , recommend for family  Food not expensive and very delicious not expensive  Cocktail and mock tail not expensive  Recommend thai tea and english tea I love it"
"Yesterday I went to this hotel with my friends for inspections and I has dinner at Pool Bar, this location of pool bar is very nice view. Food very delicious and staffs very helpful. Thank for Khun Punch pool bar very good take care. Public areas very clean and warm welcome from Khun Tui, Public Area.  This hotel I recommend that the best location, near BTS Chidlom, Central Chidlom. Convenient with 7-11 in front of hotel. Room amenities very perfect."
"I came here as Recommend​ed by Khun Pui. I had a great time here. The food tastes good. Beautiful pool view. I took a lot of pictures during sunset. From The staff, Khun Moo and Khun Raye are friendly and excellent."
"We had a spare time before a meeting, so we made a stop at Rhamba for some coffee and a snack. Khun Punch and the chef were very attentive and kind when we requested for a special snack. Thank you so much, we really appreciate it."
"It’s a newly opened hotel in Langsuan area. The location is considered close to restaurants and transportation (BTS Chidlom).  Hotel is modern. Bar is good but not so many selections.  Upon check-in the room, we found the room had problem with the air-conditioned (really hot) right at the spot by which we could not change the room temperature then we called the front desk. Later (5-10 mins), they sent someone to fix the issue which turned out that there were a problem with the wire as it was teared out of the digital panel of air-conditioned.  So we came down just to see how long it took to finish fixing. We sat for a while then asked the front team to change the room for us.  Honestly, other hotels would have offered to change to room right at the moment the guest tell them"
"Very good Thai taste, unfortunately there are not many selections.  The waiter and waitress ( Khun Jib and Khun Tan ) are very helpful and kind.  Another nice and cosy place to dine...Thank you very much."
"Reasonable price with proper portion. Taste like thai authentic dish, among luxury, modern interior with nice atmosphere. But the menu is not little. Staffs are very friendly and have a service mind :) Good job."
"After dealing with a car accident, our plan to visit Harborland was delayed. Three small children were quite upset and hungry. Luckily we bumped into Khun Aoe a Sindhorn-Midtown staff who was walking around the area. She was very helpful and suggested us that the hotel provided kids’ menus and could be delivered for us at Harborland. The meal was at reasonable price, tasty and came quickly by Khun Aungsunee(mention on the receipt)"
"I go with my family at Sindhorn the first time.Everyone there has make me feel good. and get feel special by Mr.Naphat he's the best man ,best service and best take care of my family And he's very smile when i see him."
"New place. Due to the Pandemic, the resto has not opened yet thus very few food choices.  Staff are great, Fern, Cookie, Cherry, Ray to name a few. Spacious Room, great fitness center, cozy bar, nice drinks."
